objectId,jd,label,fid,diffmaglim,programid,candid,isdiffpos,field,ra,dec,magpsf,sigmapsf,chipsf,magap,sigmagap,distnr,magnr,chinr,sharpnr,sky,magdiff,fwhm,classtar,mindtoedge,seeratio,nneg,nbad,magapbig,sigmagapbig,sgmag1,srmag1,simag1,szmag1,sgscore1,distpsnr1,ndethist,ncovhist,jdstarthist,scorr,sgmag2,srmag2,simag2,szmag2,sgscore2,distpsnr2,sgmag3,srmag3,simag3,szmag3,sgscore3,distpsnr3,nmtchps,jdstartref,dsnrms,ssnrms,magzpsci,magzpsciunc,magzpscirms,clrcoeff,clrcounc,neargaia,neargaiabright,maggaia,maggaiabright,exptime,drb,acai_h,acai_v,acai_o,acai_n,acai_b,new_drb,peakmag,maxmag,peakmag_so_far,maxmag_so_far,age,days_since_peak,days_to_peak,nnotdet,expected_scores
ZTF23abhvlji,2460220.941,1,1,19.29254532,1,2.46644e+18,t,872,143.7976077,83.973455,18.27454567,0.102679156,2.421419859,18.25569916,0.120399997,2.165633917,18.18499947,4.438000202,0.293000013,0.727656603,-0.018846,3.75999999,0.967000008,509.1104126,0.835331798,0,0,18.16189957,0.141100004,18.23690033,17.56279945,17.10390091,17.34469986,0.055833299,2.391009331,1,573,2460220.941,14.78986359,-999.0,20.45840073,20.95639992,20.40620041,0.5,12.78266048,-999.0,-999.0,20.74209976,20.36370087,0.660749972,12.80635262,3,2458634.74,7.05008173,20.76552773,26.17754555,4.42e-05,0.049477998,-0.079643004,8.59e-05,2.388834238,73.30879974,19.03502274,13.06636333,30,0.999727428,0.989876091,0.000806807,5.74e-06,0.014657551,0.004483819,0.99961686,17.9142952,19.90155792,18.27454567,18.27454567,0.0,0.0,0.0,572,0.9850223
ZTF23abhvlji,2460222.943,1,1,19.3422451,1,2.46844e+18,t,872,143.7977084,83.9734415,18.04724884,0.063477881,1.254206181,18.05850029,0.081600003,2.17305398,18.18499947,4.438000202,0.293000013,-0.262045592,0.011251,4.070000172,0.978999972,522.5137939,0.916263938,0,0,17.94059944,0.0933,18.23690033,17.56279945,17.10390091,17.34469986,0.055833299,2.39736867,2,576,2460220.941,13.11259937,-999.0,-999.0,20.74209976,20.36370087,0.660749972,12.79156971,-999.0,20.45840073,20.95639992,20.40620041,0.5,12.79759312,3,2458634.74,6.8685112,25.13514519,26.20524979,4.94e-05,0.047290999,-0.054099999,0.000101032,2.395190716,73.29255676,19.03502274,13.06636333,30,0.999988556,0.984428823,0.001012938,2.21e-06,0.012859583,0.006659168,0.9998339,17.9142952,19.90155792,18.04724884,18.27454567,2.0014352,0.0,2.0014352,574,0.99821055
ZTF23abhvlji,2460222.991,1,2,19.49814987,1,2.46849e+18,t,872,143.7982423,83.973487,18.15638351,0.087092265,1.871671677,18.12779999,0.084299996,2.543072701,17.26300049,5.177000046,0.39199999,-0.68065089,-0.028584,4.320000172,0.98299998,490.9140015,0.783071995,0,0,18.04310036,0.098899998,18.23690033,17.56279945,17.10390091,17.34469986,0.055833299,2.655187368,3,577,2460220.941,9.201516151,-999.0,-999.0,20.74209976,20.36370087,0.660749972,12.54037189,-999.0,20.45840073,20.95639992,20.40620041,0.5,12.54462337,3,2458638.743,11.87736225,27.5017643,26.27638435,1.86e-05,0.048539001,0.107886001,2.67e-05,2.653009653,73.54450989,19.03502274,13.06636333,30,0.999997139,0.981332958,0.000627238,5.95e-07,0.011766654,0.00383064,0.9999954,17.9142952,19.90155792,18.04724884,18.27454567,2.0495255,0.0480903,2.0014352,574,0.9975786
ZTF23abhvlji,2460224.941,1,1,19.8081646,1,2.47044e+18,t,872,143.7977381,83.9734818,17.9142952,0.061166082,2.157516718,17.92900085,0.0623,2.257441759,18.18499947,4.438000202,0.293000013,0.133453801,0.014705,3.170000076,0.981999993,530.59552,0.903201044,0,0,17.95350075,0.080700003,18.23690033,17.56279945,17.10390091,17.34469986,0.055833299,2.485377312,4,578,2460220.941,26.25590324,-999.0,20.45840073,20.95639992,20.40620041,0.5,12.67633152,-999.0,-999.0,20.74209976,20.36370087,0.660749972,12.72217655,3,2458634.74,20.55398369,44.4666214,26.21529579,2.32e-05,0.044009,-0.084094003,3.92e-05,2.483205795,73.41562653,19.03502274,13.06636333,30,0.999999702,0.997489572,0.00111457,3.64e-06,0.012442743,0.00139374,0.99999887,17.9142952,19.90155792,17.9142952,18.27454567,3.999375,0.0,3.999375,574,0.99927056
ZTF23abhvlji,2460225.007,1,2,20.00732422,1,2.47051e+18,t,872,143.7978555,83.973498,18.02728844,0.064200014,6.292257786,18.1385994,0.072300002,2.447553396,17.26300049,5.177000046,0.39199999,-0.139563307,0.111312002,2.710000038,0.989000022,487.0552063,0.942056417,3,0,18.15320015,0.092,18.23690033,17.56279945,17.10390091,17.34469986,0.055833299,2.554939508,5,579,2460220.941,15.56347084,-999.0,20.45840073,20.95639992,20.40620041,0.5,12.60305977,-999.0,-999.0,20.74209976,20.36370087,0.660749972,12.65811062,3,2458638.743,30.01242256,52.62414169,26.2802887,8.96e-06,0.040018,0.104845002,1.28e-05,2.552765608,73.48890686,19.03502274,13.06636333,30,0.999991894,0.993295133,0.000700835,7.3e-07,0.00845975,0.000574096,0.9999892,17.9142952,19.90155792,17.9142952,18.27454567,4.0659375,0.0665625,3.999375,574,0.99895185
ZTF23abhvlji,2460230.949,1,1,20.05410194,1,2.47645e+18,t,872,143.7981131,83.9734586,18.04349899,0.05801123,4.449421883,17.99959946,0.0561,2.330678701,18.18499947,4.438000202,0.293000013,-0.629140317,-0.043899,2.450000048,0.98299998,499.7185059,1.122712851,0,0,17.95350075,0.067699999,18.23690033,17.56279945,17.10390091,17.34469986,0.055833299,2.560137987,6,580,2460220.941,29.54854774,-999.0,-999.0,20.74209976,20.36370087,0.660749972,12.62683487,-999.0,20.45840073,20.95639992,20.40620041,0.5,12.6554718,3,2458634.74,30.51050758,57.41505814,26.17449951,1.87e-05,0.049004,-0.115911998,2.82e-05,2.557959795,73.43338013,19.03502274,13.06636333,30,0.99999994,0.997465253,0.001917423,1.1e-06,0.012536914,0.000652734,0.99999964,17.9142952,19.90155792,17.9142952,18.27454567,10.0079398,6.0085648,3.999375,574,0.9990688
ZTF23abhvlji,2460232.918,1,1,20.15371323,1,2.47842e+18,t,872,143.7978959,83.9734703,18.12240601,0.056626152,1.268663764,18.16189957,0.062199999,2.283532381,18.18499947,4.438000202,0.293000013,0.293299288,0.039494,2.690000057,0.98299998,522.5151978,0.975365341,1,0,18.14909935,0.077500001,18.23690033,17.56279945,17.10390091,17.34469986,0.055833299,2.512421608,8,582,2460220.941,24.2322731,-999.0,20.45840073,20.95639992,20.40620041,0.5,12.6722374,-999.0,-999.0,20.74209976,20.36370087,0.660749972,12.68443203,3,2458634.74,35.0568161,58.88544083,26.21140671,2.15e-05,0.046158999,-0.089474,3.26e-05,2.510244131,73.41803741,19.03502274,13.06636333,30,0.999999762,0.997629166,0.001499374,2.69e-07,0.009009936,0.000565014,0.9999999,17.9142952,19.90155792,17.9142952,18.27454567,11.9764815,7.9771065,3.999375,574,0.99841046
ZTF23abhvlji,2460232.991,1,2,20.13863182,1,2.47849e+18,t,872,143.7978208,83.9734798,18.08101463,0.056959964,4.644306183,18.19009972,0.069600001,2.398201466,17.26300049,5.177000046,0.39199999,0.01522906,0.109085999,3.480000019,0.98299998,476.7322083,0.715620637,1,0,18.18280029,0.086499996,18.23690033,17.56279945,17.10390091,17.34469986,0.055833299,2.507317781,9,583,2460220.941,15.93906498,-999.0,20.45840073,20.95639992,20.40620041,0.5,12.6627121,-999.0,-999.0,20.74209976,20.36370087,0.660749972,12.69648743,3,2458638.743,32.88218689,58.72161102,26.28101349,8.87e-06,0.037822001,0.094780996,1.27e-05,2.505143404,73.42851257,19.03502274,13.06636333,30,0.999999642,0.995927334,0.000979709,4.36e-08,0.008292775,0.000523861,0.9999991,17.9142952,19.90155792,17.9142952,18.27454567,12.0499421,8.0505671,3.999375,574,0.99856603
ZTF23abhvlji,2460234.946,1,1,20.01101112,1,2.48045e+18,t,872,143.7980723,83.9734667,18.27506256,0.070100248,1.893312693,18.26099968,0.079499997,2.341769457,18.18499947,4.438000202,0.293000013,0.722538471,-0.014062,2.769999981,0.98299998,509.4937134,0.921650827,0,0,18.32320023,0.106200002,18.23690033,17.56279945,17.10390091,17.34469986,0.055833299,2.562040567,10,584,2460220.941,22.226017,-999.0,-999.0,20.74209976,20.36370087,0.660749972,12.62888908,-999.0,20.45840073,20.95639992,20.40620041,0.5,12.64172173,3,2458634.74,24.49426079,43.71894836,25.94206238,2.28e-05,0.043772001,-0.074275002,3.64e-05,2.559862852,73.44750977,19.03502274,13.06636333,30,0.999999881,0.997554541,0.000924956,6.64e-08,0.011094127,0.000469209,1.0,17.9142952,19.90155792,17.9142952,18.27506256,14.0043982,10.0050232,3.999375,574,0.99756545
ZTF23abhvlji,2460236.908,1,1,19.97189903,1,2.48241e+18,t,872,143.7976731,83.9734456,18.43551445,0.082922287,2.349878311,18.40810013,0.081699997,2.167345524,18.18499947,4.438000202,0.293000013,0.213282496,-0.027414,3.299999952,0.981000006,535.8189697,0.886793017,0,0,18.4993,0.112400003,18.23690033,17.56279945,17.10390091,17.34469986,0.055833299,2.393756866,11,586,2460220.941,16.98996735,-999.0,20.45840073,20.95639992,20.40620041,0.5,12.79412365,-999.0,-999.0,20.74209976,20.36370087,0.660749972,12.79765511,3,2458634.74,13.0880003,32.07073212,26.2225132,2.37e-05,0.048330002,-0.096603997,3.67e-05,2.391579151,73.29641724,19.03502274,13.06636333,30,0.999996901,0.992016792,0.001925585,1.94e-08,0.009509362,0.001609261,0.99998754,17.9142952,19.90155792,17.9142952,18.43551445,15.9662616,11.9668866,3.999375,575,0.99717313
ZTF23abhvlji,2460236.965,1,2,20.03149605,1,2.48247e+18,t,872,143.7980407,83.9734627,18.49616241,0.069702424,1.524537683,18.48469925,0.090400003,2.43638134,17.26300049,5.177000046,0.39199999,0.376338094,-0.011462,3.599999905,0.98299998,497.6788025,0.765979409,2,0,18.51860046,0.116999999,18.23690033,17.56279945,17.10390091,17.34469986,0.055833299,2.544335127,12,587,2460220.941,10.34227276,-999.0,-999.0,20.74209976,20.36370087,0.660749972,12.64569283,-999.0,20.45840073,20.95639992,20.40620041,0.5,12.66041756,3,2458638.743,12.55412674,30.05569458,26.28916168,1.03e-05,0.038426001,0.091886997,1.48e-05,2.542157888,73.42882538,19.03502274,13.06636333,30,0.999998629,0.990263045,0.000572394,5.93e-09,0.011093096,0.001330176,0.9999981,17.9142952,19.90155792,17.9142952,18.49616241,16.0237732,12.0243982,3.999375,575,0.99709564
ZTF23abhvlji,2460238.928,1,1,20.108078,1,2.48443e+18,t,872,143.7982433,83.9734566,18.62013054,0.08256942,2.785975695,18.82649994,0.118900001,2.370568991,18.18499947,4.438000202,0.293000013,0.629456878,0.206368998,2.690000057,0.981999993,519.0963135,0.966375589,4,0,18.83939934,0.1523,18.23690033,17.56279945,17.10390091,17.34469986,0.055833299,2.598905563,14,589,2460220.941,20.694664,-999.0,-999.0,20.74209976,20.36370087,0.660749972,12.58501148,-999.0,20.45840073,20.95639992,20.40620041,0.5,12.63135815,3,2458634.74,17.51839638,33.79780197,26.22213173,1.59e-05,0.046016999,-0.108946003,2.37e-05,2.596726656,73.45707703,19.03502274,13.06636333,30,0.99998939,0.997423887,0.00088814,4.96e-09,0.012032935,0.000286482,0.9999977,17.9142952,19.90155792,17.9142952,18.62013054,17.9862616,13.9868866,3.999375,575,0.9973963
ZTF23abhvlji,2460238.994,1,2,20.27677155,1,2.48449e+18,t,872,143.7979247,83.973471,18.61146545,0.064913988,3.456815481,18.67749977,0.097900003,2.412662983,17.26300049,5.177000046,0.39199999,-0.1041857,0.066035002,3.230000019,0.98299998,483.510498,0.771793962,4,0,18.59189987,0.112800002,18.23690033,17.56279945,17.10390091,17.34469986,0.055833299,2.522952795,15,590,2460220.941,14.56832409,-999.0,20.45840073,20.95639992,20.40620041,0.5,12.66357231,-999.0,-999.0,20.74209976,20.36370087,0.660749972,12.67346478,3,2458638.743,23.4675312,41.38472748,26.29146576,7.75e-06,0.035050001,0.087999001,1.11e-05,2.520774603,73.42655945,19.03502274,13.06636333,30,0.999971509,0.99597919,0.000566199,1.17e-09,0.01200971,0.000510019,0.9999987,17.9142952,19.90155792,17.9142952,18.62013054,18.0522107,14.0528357,3.999375,575,0.99790514
ZTF23abhvlji,2460241.91,1,2,19.37711334,1,2.48741e+18,t,872,143.7989688,83.9733086,18.6323185,0.134530887,1.268957257,18.82430077,0.137099996,2.551985264,17.26300049,5.177000046,0.39199999,-0.632393718,0.191981003,2.539999962,0.648999989,520.8649902,1.760467768,1,0,18.81040001,0.170599997,18.23690033,17.56279945,17.10390091,17.34469986,0.055833299,2.637554407,16,591,2460220.941,6.072216988,-999.0,-999.0,20.74209976,20.36370087,0.660749972,12.57067013,-999.0,20.45840073,20.95639992,20.40620041,0.5,12.90102577,3,2458638.743,0.7139467,9.714303017,26.23631859,2.34e-05,0.049915999,0.099206001,3.36e-05,2.635433912,73.19670868,19.03502274,13.06636333,30,0.99868536,0.90093863,0.001290566,2.58e-10,0.012895248,0.003913058,0.98381704,17.9142952,19.90155792,17.9142952,18.6323185,20.9684954,16.9691204,3.999375,575,0.99671894
ZTF23abhvlji,2460241.945,1,1,19.53408432,1,2.48744e+18,t,872,143.7976028,83.9734791,18.92522049,0.133230835,1.10579145,19.1989994,0.165099993,2.209932089,18.18499947,4.438000202,0.293000013,0.272263795,0.273779988,5.599999905,0.76700002,500.4346924,0.793691456,0,0,19.22039986,0.213799998,18.23690033,17.56279945,17.10390091,17.34469986,0.055833299,2.437684059,17,592,2460220.941,7.602439404,-999.0,20.45840073,20.95639992,20.40620041,0.5,12.71561813,-999.0,-999.0,20.74209976,20.36370087,0.660749972,12.77289963,3,2458634.74,2.229650497,10.93298912,26.19421959,4.03e-05,0.048632,-0.09708,8.22e-05,2.435511351,73.37731934,19.03502274,13.06636333,30,0.999302864,0.902762532,0.000899964,3.41e-10,0.013916572,0.007121034,0.9999576,17.9142952,19.90155792,17.9142952,18.92522049,21.0035533,17.0041783,3.999375,575,0.99764585
ZTF23abhvlji,2460244.972,1,2,19.59023285,1,2.49047e+18,t,872,143.7973886,83.9734813,18.67342377,0.096339345,1.188352227,18.83609962,0.192200005,2.264747143,17.26300049,5.177000046,0.39199999,0.064500779,0.162677005,2.660000086,0.981000006,461.2948914,0.969019651,2,0,18.83530045,0.2447,18.23690033,17.56279945,17.10390091,17.34469986,0.055833299,2.376144171,20,595,2460220.941,9.890517235,-999.0,20.45840073,20.95639992,20.40620041,0.5,12.75978279,-999.0,-999.0,20.74209976,20.36370087,0.660749972,12.84389591,3,2458638.743,12.11525249,20.71388435,26.28342247,1.15e-05,0.042613,0.105346002,1.64e-05,2.373975992,73.33542633,19.03502274,13.06636333,30,0.999999642,0.986250579,0.000498007,3.64e-10,0.014395224,0.000783464,0.99999243,17.9142952,19.90155792,17.9142952,18.92522049,24.0308796,20.0315046,3.999375,575,0.9982912
ZTF23abhvlji,2460246.996,1,2,19.14716339,1,2.4925e+18,t,872,143.7974356,83.9735251,18.81893158,0.169685856,1.403456807,18.78510094,0.225899994,2.370052099,17.26300049,5.177000046,0.39199999,0.895338297,-0.033831999,3.690000057,0.888999999,438.0899963,0.844613731,3,0,18.61149979,0.246099994,18.23690033,17.56279945,17.10390091,17.34469986,0.055833299,2.485745192,21,597,2460220.941,5.860592842,-999.0,20.45840073,20.95639992,20.40620041,0.5,12.62578869,-999.0,-999.0,20.74209976,20.36370087,0.660749972,12.76537418,3,2458638.743,4.517494678,11.01434135,26.28793144,1.63e-05,0.045626,0.10204,2.34e-05,2.483589888,73.47270966,19.03502274,13.06636333,30,0.986877978,0.984611988,0.001262264,8.46e-11,0.012766411,0.0029573,0.99965894,17.9142952,19.90155792,17.9142952,18.92522049,26.0551158,22.0557408,3.999375,576,0.9981007
ZTF23abhvlji,2460250.878,1,2,19.86581421,1,2.49638e+18,t,872,143.7975992,83.9734905,19.07522583,0.168553039,2.212188244,19.05279922,0.196799994,2.347483873,17.26300049,5.177000046,0.39199999,0.470810503,-0.022425,4.150000095,1.0,506.8323059,0.58083421,5,0,18.9239006,0.221799999,18.23690033,17.56279945,17.10390091,17.34469986,0.055833299,2.460125685,22,598,2460220.941,8.244304657,-999.0,20.45840073,20.95639992,20.40620041,0.5,12.68428993,-999.0,-999.0,20.74209976,20.36370087,0.660749972,12.75769424,3,2458638.743,9.027060509,16.55939865,26.29922485,9.78e-06,0.039159,0.097296998,1.4e-05,2.45795536,73.40945435,19.03502274,13.06636333,30,0.999326229,0.945228994,0.000465309,3.09e-10,0.012401403,0.000743681,0.99843365,17.9142952,19.90155792,17.9142952,19.07522583,29.9362963,25.9369213,3.999375,576,0.99806225
ZTF23abhvlji,2460252.91,1,2,19.99149704,1,2.49841e+18,t,872,143.7979585,83.9734423,19.05594063,0.099096909,1.499916077,19.15019989,0.188899994,2.388344765,17.26300049,5.177000046,0.39199999,-0.111356698,0.094259001,2.900000095,0.978999972,492.3124084,0.852601349,6,0,19.15690041,0.240199998,18.23690033,17.56279945,17.10390091,17.34469986,0.055833299,2.479980946,24,601,2460220.941,9.372710228,-999.0,-999.0,20.74209976,20.36370087,0.660749972,12.70431137,-999.0,20.45840073,20.95639992,20.40620041,0.5,12.73758793,3,2458638.743,9.78324604,18.80553055,26.29194069,1.03e-05,0.038927998,0.094369002,1.48e-05,2.477803469,73.35139465,19.03502274,13.06636333,30,0.999984086,0.997120261,0.000449038,2.54e-10,0.013253629,0.000422512,0.99996287,17.9142952,19.90155792,17.9142952,19.07522583,31.9686806,27.9693056,3.999375,577,0.9986845
ZTF23abhvlji,2460254.994,1,2,20.12512207,1,2.50049e+18,t,872,143.7980483,83.9734673,19.2595787,0.135040626,2.163848639,19.47900009,0.224900007,2.448444128,17.26300049,5.177000046,0.39199999,0.610343814,0.219421998,2.420000076,0.976000011,452.0314941,1.038462877,3,0,19.46269989,0.279100001,18.23690033,17.56279945,17.10390091,17.34469986,0.055833299,2.555448532,26,605,2460220.941,8.498638153,-999.0,-999.0,20.74209976,20.36370087,0.660749972,12.63627625,-999.0,20.45840073,20.95639992,20.40620041,0.5,12.64554214,3,2458638.743,13.1039896,19.68445587,26.30657768,8.25e-06,0.037402999,0.095197,1.18e-05,2.553270578,73.44381714,19.03502274,13.06636333,30,0.996096611,0.98257184,0.000729368,3.35e-10,0.013206512,0.000507847,0.999896,17.9142952,19.90155792,17.9142952,19.2595787,34.0529051,30.0535301,3.999375,579,0.99861383
ZTF23abhvlji,2460258.931,1,2,19.87462425,1,2.50443e+18,t,872,143.7981236,83.9734999,19.37770844,0.194250315,1.919883251,19.3355999,0.220799997,2.531986475,17.26300049,5.177000046,0.39199999,-0.238926798,-0.042109001,3.660000086,0.991999984,455.0058899,0.768293977,7,0,19.24130058,0.255800009,18.23690033,17.56279945,17.10390091,17.34469986,0.055833299,2.642687321,27,608,2460220.941,6.404035091,-999.0,20.45840073,20.95639992,20.40620041,0.5,12.53528881,-999.0,-999.0,20.74209976,20.36370087,0.660749972,12.56256962,3,2458638.743,6.732197762,13.11229229,26.27870941,8.82e-06,0.037726,0.093934998,1.26e-05,2.64051199,73.55490875,19.03502274,13.06636333,30,0.989120722,0.96870923,0.000642927,1.41e-10,0.011712041,0.001716866,0.98913246,17.9142952,19.90155792,17.9142952,19.37770844,37.9895718,33.9901968,3.999375,581,0.9986566
ZTF23abhvlji,2460260.865,1,2,20.2165432,1,2.50636e+18,t,872,143.7979438,83.973415,19.51244926,0.139754608,1.581157207,19.78639984,0.284700006,2.326117754,17.26300049,5.177000046,0.39199999,-0.018918009,0.273950994,2.920000076,0.943000019,489.5430908,0.844133317,1,0,19.80190086,0.362300009,18.23690033,17.56279945,17.10390091,17.34469986,0.055833299,2.426932573,28,610,2460220.941,6.799736023,-999.0,-999.0,20.74209976,20.36370087,0.660749972,12.75043392,-999.0,20.45840073,20.95639992,20.40620041,0.5,12.81908607,3,2458638.743,6.162466049,13.18649578,26.28644943,7.72e-06,0.037636999,0.099248998,1.1e-05,2.424754858,73.26934814,19.03502274,13.06636333,30,0.999991655,0.988381565,0.001589015,3.88e-11,0.021536892,0.001472856,0.99891865,17.9142952,19.90155792,17.9142952,19.51244926,39.923588,35.924213,3.999375,582,0.99887794
ZTF23abhvlji,2460262.99,1,2,20.28551865,1,2.50849e+18,t,872,143.7983257,83.9734369,19.90155792,0.160810247,1.311775565,20.61630058,0.591799974,2.490299702,17.26300049,5.177000046,0.39199999,0.313954502,0.714742005,1.197344899,0.866999984,443.5773926,2.0,8,0,20.31439972,0.562300026,18.23690033,17.56279945,17.10390091,17.34469986,0.055833299,2.591403008,29,613,2460220.941,6.020097256,-999.0,-999.0,20.74209976,20.36370087,0.660749972,12.58631802,-999.0,20.45840073,20.95639992,20.40620041,0.5,12.66916561,3,2458638.743,10.45960426,15.07345963,26.29955864,7.53e-06,0.036724001,0.095452003,1.08e-05,2.589225054,73.41897583,19.03502274,13.06636333,30,0.998475552,0.996445835,0.008241167,8.82e-11,0.029121947,0.000504172,0.9998434,17.9142952,19.90155792,17.9142952,19.90155792,42.0487732,38.0493982,3.999375,584,0.9990816
ZTF23abdsfms,2460205.906,0,2,20.38452148,1,2.45141e+18,t,871,97.0113895,80.069127,15.75209713,0.029458188,122.2458115,15.77420044,0.0073,0.454702944,22.39800072,0.774999976,-0.298000008,0.274232894,0.022103,2.690000057,0.986999989,292.7597046,0.962756217,0,0,15.76210022,0.0084,21.71069908,21.3348999,-999.0,20.69009972,0.555616021,0.042599611,2,716,2460202.945,61.44284439,21.78389931,21.10630035,20.61919975,20.32519913,0.800553977,18.95384979,17.47540092,16.99570084,16.79630089,16.70730019,0.996042013,19.13765526,6,2458719.97,270.566803,581.1537476,26.21909714,2.24e-06,0.029580001,0.077140003,3.69e-06,19.14229012,-999.0,16.91570091,-999.0,30,1.0,0.018193208,0.032792524,0.28660503,1.79e-05,0.002145745,1.0,15.61028385,17.80548286,15.75209713,15.75209713,2.9602662,0.0,2.9602662,714,6.839475e-05
ZTF23abdsfms,2460205.954,0,1,20.46434402,1,2.45145e+18,t,871,97.0113016,80.0691011,15.61028385,0.027859835,328.7303772,15.60639954,0.0054,9.269259453,22.4109993,0.921000004,-0.100000001,0.0132649,-0.003884,4.559999943,0.998000026,268.0339966,0.776269197,0,0,15.59809971,0.0059,21.71069908,21.3348999,-999.0,20.69009972,0.555616021,0.066045307,4,718,2460202.945,106.1555023,21.78389931,21.10630035,20.61919975,20.32519913,0.800553977,18.92201233,17.47540092,16.99570084,16.79630089,16.70730019,0.996042013,19.24346542,6,2458713.98,282.9233704,808.8557739,26.35428429,6.9e-06,0.056022,-0.155892,1.16e-05,19.248106,-999.0,16.91570091,-999.0,30,0.999403238,0.021804189,0.141246453,0.185857743,7.59e-07,0.003708437,0.99999225,15.61028385,17.80548286,15.61028385,15.75209713,3.0083912,0.0,3.0083912,714,0.0003066723
ZTF23abdsfms,2460207.895,0,2,20.39897156,1,2.45339e+18,t,871,97.0113163,80.0691141,16.04754829,0.034088504,185.2894135,16.06570053,0.009,0.430727273,22.39800072,0.774999976,-0.298000008,0.523132622,0.018152,2.910000086,0.984000027,287.3330994,0.875608385,0,0,16.06259918,0.0107,21.71069908,21.3348999,-999.0,20.69009972,0.555616021,0.02982375,5,719,2460202.945,66.46664429,21.78389931,21.10630035,20.61919975,20.32519913,0.800553977,18.95027161,17.47540092,16.99570084,16.79630089,16.70730019,0.996042013,19.20257759,6,2458719.97,168.1735687,404.2842102,26.23354721,1.95e-06,0.031142,0.087315001,3.21e-06,19.20721245,-999.0,16.91570091,-999.0,30,0.999999404,0.030146971,0.051952202,0.248938084,9.13e-06,0.001232559,1.0,15.61028385,17.80548286,15.61028385,16.04754829,4.9497106,1.9413194,3.0083912,714,4.786762e-05
ZTF23abdsfms,2460207.952,0,1,20.37760925,1,2.45345e+18,t,871,97.0113192,80.0691104,15.97729683,0.027596749,86.88335419,15.97939968,0.0067,9.235492706,22.4109993,0.921000004,-0.100000001,0.169577405,0.002103,5.849999905,0.996999979,261.1546936,0.654608428,0,0,15.97049999,0.0076,21.71069908,21.3348999,-999.0,20.69009972,0.555616021,0.034010582,6,720,2460202.945,44.52739716,21.78389931,21.10630035,20.61919975,20.32519913,0.800553977,18.93924332,17.47540092,16.99570084,16.79630089,16.70730019,0.996042013,19.21126747,6,2458713.98,201.8183899,583.9294434,26.37829781,9.93e-06,0.060036998,-0.164403006,1.76e-05,19.21590614,-999.0,16.91570091,-999.0,30,0.999964297,0.061049324,0.426708519,0.040084627,0.000175715,0.007666934,0.9999903,15.61028385,17.80548286,15.61028385,16.04754829,5.0062615,1.9978703,3.0083912,714,0.0008818166
ZTF23abdsfms,2460211.943,0,2,20.2737751,1,2.45744e+18,t,871,97.0113264,80.069116,16.54582024,0.034480967,62.00815964,16.58799934,0.0144,0.412557691,22.39800072,0.774999976,-0.298000008,0.483271807,0.042180002,2.50999999,1.0,268.8074036,1.034709096,0,0,16.59110069,0.0176,21.71069908,21.3348999,-999.0,20.69009972,0.555616021,0.022682194,9,723,2460202.945,86.03826141,21.78389931,21.10630035,20.61919975,20.32519913,0.800553977,18.95107079,17.47540092,16.99570084,16.79630089,16.70730019,0.996042013,19.19329834,6,2458719.97,119.9704285,251.6074677,26.25181961,3.37e-06,0.033022001,0.078371003,5.54e-06,19.1979332,-999.0,16.91570091,-999.0,30,0.999999583,0.049270593,0.858495176,0.105818756,4.89e-05,0.000476808,1.0,15.61028385,17.80548286,15.61028385,16.54582024,8.9980555,5.9896643,3.0083912,714,0.00012246784
ZTF23abdsfms,2460211.996,0,1,20.35763359,1,2.4575e+18,t,871,97.0113376,80.0691125,16.42497826,0.029942654,77.90801239,16.43040085,0.0098,9.235616684,22.4109993,0.921000004,-0.100000001,0.187025398,0.005422,3.519999981,0.996999979,257.7304993,0.984620631,0,0,16.40859985,0.0113,21.71069908,21.3348999,-999.0,20.69009972,0.555616021,0.020355491,10,724,2460202.945,131.8495941,21.78389931,21.10630035,20.61919975,20.32519913,0.800553977,18.9370842,17.47540092,16.99570084,16.79630089,16.70730019,0.996042013,19.19800568,6,2458713.98,141.3542328,357.3015137,26.38997841,7.9e-06,0.054901998,-0.148745999,1.37e-05,19.20264435,-999.0,16.91570091,-999.0,30,0.999946296,0.077725716,0.984195352,0.034902871,3.95e-06,0.000694839,0.99999726,15.61028385,17.80548286,15.61028385,16.54582024,9.0507523,6.0423611,3.0083912,714,0.0005175055
ZTF23abdsfms,2460213.885,0,1,19.5330143,1,2.45938e+18,t,871,97.0112377,80.0691081,16.57432556,0.028553797,6.754002094,16.58379936,0.021299999,9.296034813,22.4109993,0.921000004,-0.100000001,0.523794889,0.009474,3.029999971,0.992999971,284.3363953,1.049772024,0,0,16.5510006,0.026000001,21.71069908,21.3348999,-999.0,20.69009972,0.555616021,0.082899995,11,725,2460202.945,63.84454346,21.78389931,21.10630035,20.61919975,20.32519913,0.800553977,18.96743584,17.47540092,16.99570084,16.79630089,16.70730019,0.996042013,19.25130653,6,2458713.98,40.07732773,113.7105408,26.31632614,1.17e-05,0.044197001,-0.095628999,2.52e-05,19.25593758,-999.0,16.91570091,-999.0,30,0.999998093,0.615396619,0.840497971,0.002332244,0.000106061,8.1e-05,1.0,15.61028385,17.80548286,15.61028385,16.57432556,10.9395717,7.9311805,3.0083912,714,0.00071723544
ZTF23abdsfms,2460213.964,0,2,20.12015533,1,2.45946e+18,t,871,97.0113832,80.0691154,16.70272827,0.028157908,7.671437263,16.73200035,0.017200001,0.42174682,22.39800072,0.774999976,-0.298000008,-0.261833102,0.029271999,2.549999952,0.984000027,246.3744049,1.089436173,0,0,16.7220993,0.021,21.71069908,21.3348999,-999.0,20.69009972,0.555616021,0.012827563,12,726,2460202.945,55.00645447,21.78389931,21.10630035,20.61919975,20.32519913,0.800553977,18.92565536,17.47540092,16.99570084,16.79630089,16.70730019,0.996042013,19.17131042,6,2458719.97,70.70430756,179.3959198,26.24772835,3.23e-06,0.033673,0.08365,5.31e-06,19.17595291,-999.0,16.91570091,-999.0,30,0.999999821,0.277739942,0.840424895,0.009643484,9.77e-05,9.53e-05,1.0,15.61028385,17.80548286,15.61028385,16.70272827,11.0191088,8.0107176,3.0083912,714,9.387749e-05
ZTF23abdsfms,2460215.928,0,2,19.59856987,1,2.46143e+18,t,871,97.0113489,80.0691164,16.97040939,0.036633112,23.16921043,16.92639923,0.033300001,0.431513458,22.39800072,0.774999976,-0.298000008,-0.878342211,-0.044009998,2.359999895,0.995000005,269.821106,1.085952997,0,0,16.9211998,0.041999999,21.71069908,21.3348999,-999.0,20.69009972,0.555616021,0.008781813,13,727,2460202.945,61.12963104,21.78389931,21.10630035,20.61919975,20.32519913,0.800553977,18.9426918,17.47540092,16.99570084,16.79630089,16.70730019,0.996042013,19.18287849,6,2458719.97,50.81627655,96.68307495,26.2584095,3.64e-06,0.033160001,0.076181002,6e-06,19.18751526,-999.0,16.91570091,-999.0,30,0.999999821,0.150662318,0.85129267,0.004238197,0.000132594,0.000101872,0.9999999,15.61028385,17.80548286,15.61028385,16.97040939,12.9824074,9.9740162,3.0083912,714,0.00010546627
ZTF23abdsfms,2460215.989,0,1,19.49422836,1,2.46149e+18,t,871,97.0113155,80.0691107,16.87145042,0.036203142,18.97425079,16.87669945,0.0286,9.249268532,22.4109993,0.921000004,-0.100000001,0.216665104,0.00525,3.200000048,0.984000027,248.7380981,0.982143044,0,0,16.87330055,0.036200002,21.71069908,21.3348999,-999.0,20.69009972,0.555616021,0.035265479,14,728,2460202.945,58.70663834,21.78389931,21.10630035,20.61919975,20.32519913,0.800553977,18.94159317,17.47540092,16.99570084,16.79630089,16.70730019,0.996042013,19.21200371,6,2458713.98,47.20480728,107.8314743,26.38744926,1.53e-05,0.051982999,-0.137176007,3.44e-05,19.21664047,-999.0,16.91570091,-999.0,30,0.999988675,0.178301007,0.865064859,0.001809971,0.000242041,0.000114466,0.9999987,15.61028385,17.80548286,15.61028385,16.97040939,13.0434027,10.0350115,3.0083912,714,0.00063710986
ZTF23abdsfms,2460220.857,0,2,19.52651405,1,2.46636e+18,t,871,97.011346,80.0691187,17.22677231,0.039371248,8.959835052,17.24119949,0.0458,0.435926676,22.39800072,0.774999976,-0.298000008,-0.03031191,0.014427,2.109999895,0.984000027,264.206604,1.250301361,2,0,17.21879959,0.057100002,21.71069908,21.3348999,-999.0,20.69009972,0.555616021,0.014098508,19,733,2460202.945,44.40302658,21.78389931,21.10630035,20.61919975,20.32519913,0.800553977,18.95001221,17.47540092,16.99570084,16.79630089,16.70730019,0.996042013,19.17793083,6,2458719.97,24.99527359,60.5988884,26.16377258,5.06e-06,0.038660001,0.088083997,8.39e-06,19.18256569,-999.0,16.91570091,-999.0,30,0.99999845,0.238611817,0.721680224,0.000494962,0.000355961,5.91e-05,0.9999999,15.61028385,17.80548286,15.61028385,17.22677231,17.9115277,14.9031365,3.0083912,714,9.008397e-05
ZTF23abdsfms,2460220.896,0,1,19.19739914,1,2.4664e+18,t,871,97.0112677,80.0690936,17.16952705,0.041072909,3.398300886,17.15460014,0.037900001,9.294240952,22.4109993,0.921000004,-0.100000001,1.041859031,-0.014927,4.800000191,0.986000001,247.1649017,0.83375746,1,0,17.15139961,0.048099998,21.71069908,21.3348999,-999.0,20.69009972,0.555616021,0.100253887,20,734,2460202.945,40.88690186,21.78389931,21.10630035,20.61919975,20.32519913,0.800553977,18.91645813,17.47540092,16.99570084,16.79630089,16.70730019,0.996042013,19.27761459,6,2458713.98,18.38273811,62.74638748,26.28852654,2.4e-05,0.051693,-0.126107007,5.99e-05,19.28225708,-999.0,16.91570091,-999.0,30,0.99989593,0.632670701,0.607483745,7.03e-05,0.001093723,6.17e-05,0.9997745,15.61028385,17.80548286,15.61028385,17.22677231,17.9508449,14.9424537,3.0083912,714,0.0011754917
ZTF23abdsfms,2460222.902,0,2,19.40282822,1,2.4684e+18,t,871,97.0111356,80.0691171,17.4293499,0.045045942,1.38685739,17.44280052,0.042100001,0.490775406,22.39800072,0.774999976,-0.298000008,-0.246576205,0.013451,3.970000029,0.98299998,260.4404907,0.982707739,0,0,17.4144001,0.052099999,21.71069908,21.3348999,-999.0,20.69009972,0.555616021,0.141186073,22,736,2460202.945,41.76464844,21.78389931,21.10630035,20.61919975,20.32519913,0.800553977,19.03425598,17.47540092,16.99570084,16.79630089,16.70730019,0.996042013,19.26988411,6,2458719.97,20.37299538,55.60868454,26.23334885,9.7e-06,0.04572,0.074754998,1.6e-05,19.27449799,-999.0,16.91570091,-999.0,30,0.999987006,0.830890775,0.65417093,0.000168163,0.000454646,5.7e-05,0.9998022,15.61028385,17.80548286,15.61028385,17.4293499,19.9564236,16.9480324,3.0083912,714,0.00034837372
ZTF23abdsfms,2460222.945,0,1,19.39138985,1,2.46845e+18,t,871,97.0112701,80.0691037,17.30727386,0.058089815,3.873878002,17.23279953,0.0306,9.2847929,22.4109993,0.921000004,-0.100000001,0.2276631,-0.074473999,4.869999886,0.926999986,243.1430969,0.928859234,0,0,17.22540092,0.038400002,21.71069908,21.3348999,-999.0,20.69009972,0.555616021,0.07287804,23,737,2460202.945,49.66387177,21.78389931,21.10630035,20.61919975,20.32519913,0.800553977,18.94215202,17.47540092,16.99570084,16.79630089,16.70730019,0.996042013,19.24959183,6,2458713.98,16.96646118,56.70281982,26.33227348,2.14e-05,0.045864001,-0.087316997,5.32e-05,19.25422859,-999.0,16.91570091,-999.0,30,0.999806643,0.750047624,0.723059893,0.000151773,0.000652142,0.000171573,0.9834471,15.61028385,17.80548286,15.61028385,17.4293499,19.9999768,16.9915856,3.0083912,714,0.0014130521
ZTF23abdsfms,2460224.9,0,2,19.93842506,1,2.4704e+18,t,871,97.0113165,80.0691123,17.74146461,0.069722012,14.72512531,17.75939941,0.047400001,0.411456943,22.39800072,0.774999976,-0.298000008,-0.296239108,0.017935,2.25999999,0.985000014,267.9866943,1.25511241,0,0,17.7887001,0.061799999,21.71069908,21.3348999,-999.0,20.69009972,0.555616021,0.031892285,27,741,2460202.945,50.15930176,21.78389931,21.10630035,20.61919975,20.32519913,0.800553977,18.9454155,17.47540092,16.99570084,16.79630089,16.70730019,0.996042013,19.20730782,6,2458719.97,30.38545227,61.91506577,26.2354641,3.05e-06,0.033482999,0.084797002,5.04e-06,19.21194458,-999.0,16.91570091,-999.0,30,0.999999702,0.334992021,0.77307266,9.56e-05,0.000409306,6.74e-05,0.9999987,15.61028385,17.80548286,15.61028385,17.74146461,21.9552546,18.9468634,3.0083912,714,0.00021062765
ZTF23abdsfms,2460224.947,0,1,20.02109909,1,2.47045e+18,t,871,97.0114169,80.069116,17.80548286,0.051066533,8.30355835,17.81500053,0.040100001,9.185809135,22.4109993,0.921000004,-0.100000001,0.231645793,0.009518,3.5,0.984000027,248.9463043,0.944957435,0,0,17.8071003,0.050299998,21.71069908,21.3348999,-999.0,20.69009972,0.555616021,0.03350918,28,742,2460202.945,51.48960495,21.78389931,21.10630035,20.61919975,20.32519913,0.800553977,18.91313171,17.47540092,16.99570084,16.79630089,16.70730019,0.996042013,19.15572357,6,2458713.98,28.99503899,69.70170593,26.36248207,8.47e-06,0.047993999,-0.125220001,1.61e-05,19.16036797,-999.0,16.91570091,-999.0,30,0.999994814,0.486006409,0.767882049,7.19e-05,0.001553175,6.53e-05,0.9999993,15.61028385,17.80548286,15.61028385,17.80548286,22.0012615,18.9928703,3.0083912,714,0.0011401442
